{
    "Ivory Coast": [
        "Abidjan (former capital; still has many government offices)",
        "Yamoussoukro (official)"
    ],
    "United Arab Emirates": [
        "Abu Dhabi"
    ],
    "Nigeria": [
        "Abuja"
    ],
    "Ghana": [
        "Accra"
    ],
    "Pitcairn Islands": [
        "Adamstown"
    ],
    "Ethiopia": [
        "Addis Ababa"
    ],
    "Yemen": [
        "Aden (de facto, temporary)",
        "Sana'a (de jure)\n"
    ],
    "Algeria": [
        "Algiers"
    ],
    "Niue": [
        "Alofi"
    ],
    "Jordan": [
        "Amman"
    ],
    "Netherlands": [
        "Amsterdam (official)",
        "The Hague (de facto)"
    ],
    "Andorra": [
        "Andorra la Vella"
    ],
    "Turkey": [
        "Ankara"
    ],
    "Madagascar": [
        "Antananarivo"
    ],
    "Samoa": [
        "Apia"
    ],
    "Turkmenistan": [
        "Ashgabat"
    ],
    "Eritrea": [
        "Asmara"
    ],
    "Paraguay": [
        "Asunci\u00f3n"
    ],
    "Greece": [
        "Athens"
    ],
    "Cook Islands": [
        "Avarua"
    ],
    "Iraq": [
        "Baghdad"
    ],
    "Azerbaijan": [
        "Baku"
    ],
    "Mali": [
        "Bamako"
    ],
    "Brunei": [
        "Bandar Seri Begawan"
    ],
    "Thailand": [
        "Bangkok"
    ],
    "Central African Republic": [
        "Bangui"
    ],
    "The Gambia": [
        "Banjul"
    ],
    "Saint Kitts and Nevis": [
        "Basseterre"
    ],
    "China": [
        "Beijing"
    ],
    "Lebanon": [
        "Beirut"
    ],
    "Serbia": [
        "Belgrade"
    ],
    "Belize": [
        "Belmopan"
    ],
    "Germany": [
        "Berlin"
    ],
    "Switzerland": [
        "Bern"
    ],
    "Kyrgyzstan": [
        "Bishkek"
    ],
    "Guinea-Bissau": [
        "Bissau"
    ],
    "South Africa": [
        "Bloemfontein (judicial)",
        "Cape Town (legislative)",
        "Pretoria (executive)"
    ],
    "Colombia": [
        "Bogot\u00e1"
    ],
    "Montserrat": [
        "Brades Estate (de facto)",
        "Plymouth (official)\n"
    ],
    "Brazil": [
        "Bras\u00edlia"
    ],
    "Slovakia": [
        "Bratislava"
    ],
    "Republic of the Congo": [
        "Brazzaville"
    ],
    "Barbados": [
        "Bridgetown"
    ],
    "Belgium": [
        "Brussels"
    ],
    "Romania": [
        "Bucharest"
    ],
    "Hungary": [
        "Budapest"
    ],
    "Argentina": [
        "Buenos Aires"
    ],
    "Egypt": [
        "Cairo"
    ],
    "Australia": [
        "Canberra"
    ],
    "Venezuela": [
        "Caracas"
    ],
    "Saint Lucia": [
        "Castries"
    ],
    "Montenegro": [
        "Cetinje (Old Royal Capital, present seat of the President)",
        "Podgorica (official)"
    ],
    "United States Virgin Islands": [
        "Charlotte Amalie"
    ],
    "Moldova": [
        "Chi\u0219in\u0103u"
    ],
    "Turks and Caicos Islands": [
        "Cockburn Town"
    ],
    "Sri Lanka": [
        "Colombo (executive, judicial)",
        "Sri Jayawardenepura Kotte (official)"
    ],
    "Guinea": [
        "Conakry"
    ],
    "Denmark": [
        "Copenhagen"
    ],
    "Benin": [
        "Cotonou (de facto)",
        "Porto-Novo (official)"
    ],
    "Senegal": [
        "Dakar"
    ],
    "Syria": [
        "Damascus"
    ],
    "Tanzania": [
        "Dar es Salaam (de facto, judicial)",
        "Dodoma (official, legislative)"
    ],
    "Bangladesh": [
        "Dhaka"
    ],
    "East Timor": [
        "Dili"
    ],
    "Djibouti": [
        "Djibouti"
    ],
    "Qatar": [
        "Doha"
    ],
    "Isle of Man": [
        "Douglas"
    ],
    "Ireland": [
        "Dublin"
    ],
    "Tajikistan": [
        "Dushanbe"
    ],
    "Tristan da Cunha": [
        "Edinburgh of the Seven Seas"
    ],
    "Sahrawi Arab Democratic Republic": [
        "El Aioun (declared)",
        "Tifariti (de facto)\n"
    ],
    "Akrotiri and Dhekelia": [
        "Episkopi Cantonment"
    ],
    "Christmas Island": [
        "Flying Fish Cove"
    ],
    "Sierra Leone": [
        "Freetown"
    ],
    "Tuvalu": [
        "Funafuti"
    ],
    "Botswana": [
        "Gaborone"
    ],
    "Cayman Islands": [
        "George Town"
    ],
    "Ascension": [
        "Georgetown"
    ],
    "Guyana": [
        "Georgetown"
    ],
    "Gibraltar": [
        "Gibraltar"
    ],
    "Burundi": [
        "Gitega"
    ],
    "Guatemala": [
        "Guatemala City"
    ],
    "Saint Barth\u00e9lemy": [
        "Gustavia"
    ],
    "Guam": [
        "Hag\u00e5t\u00f1a"
    ],
    "Bermuda": [
        "Hamilton"
    ],
    "Easter Island": [
        "Hanga Roa"
    ],
    "Vietnam": [
        "Hanoi"
    ],
    "Zimbabwe": [
        "Harare"
    ],
    "Somaliland": [
        "Hargeisa"
    ],
    "Cuba": [
        "Havana"
    ],
    "Finland": [
        "Helsinki"
    ],
    "Solomon Islands": [
        "Honiara"
    ],
    "Pakistan": [
        "Islamabad"
    ],
    "Indonesia": [
        "Jakarta"
    ],
    "Saint Helena": [
        "Jamestown"
    ],
    "Israel": [
        "Jerusalem (disputed)"
    ],
    "Palestine": [
        "Jerusalem (disputed)",
        "Ramallah (de facto)"
    ],
    "South Sudan": [
        "Juba"
    ],
    "Afghanistan": [
        "Kabul"
    ],
    "Uganda": [
        "Kampala"
    ],
    "Nepal": [
        "Kathmandu"
    ],
    "Sudan": [
        "Khartoum"
    ],
    "Ukraine": [
        "Kiev"
    ],
    "Rwanda": [
        "Kigali"
    ],
    "South Georgia and the South Sandwich Islands": [
        "King Edward Point"
    ],
    "Jamaica": [
        "Kingston"
    ],
    "Norfolk Island": [
        "Kingston"
    ],
    "Saint Vincent and the Grenadines": [
        "Kingstown"
    ],
    "Democratic Republic of the Congo": [
        "Kinshasa"
    ],
    "Malaysia": [
        "Kuala Lumpur (official, legislative and royal)",
        "Putrajaya (administrative and judicial)"
    ],
    "Kuwait": [
        "Kuwait City"
    ],
    "Bolivia": [
        "La Paz (administrative)",
        "Sucre (constitutional)"
    ],
    "Gabon": [
        "Libreville"
    ],
    "Malawi": [
        "Lilongwe"
    ],
    "Peru": [
        "Lima"
    ],
    "Portugal": [
        "Lisbon"
    ],
    "Slovenia": [
        "Ljubljana"
    ],
    "Swaziland": [
        "Lobamba (royal and legislative)",
        "Mbabane (administrative)"
    ],
    "Togo": [
        "Lom\u00e9"
    ],
    "United Kingdom": [
        "London"
    ],
    "Angola": [
        "Luanda"
    ],
    "Zambia": [
        "Lusaka"
    ],
    "Luxembourg": [
        "Luxembourg"
    ],
    "Spain": [
        "Madrid"
    ],
    "Marshall Islands": [
        "Majuro"
    ],
    "Equatorial Guinea": [
        "Malabo"
    ],
    "Maldives": [
        "Mal\u00e9"
    ],
    "Nicaragua": [
        "Managua"
    ],
    "Bahrain": [
        "Manama"
    ],
    "Philippines": [
        "Manila"
    ],
    "Mozambique": [
        "Maputo"
    ],
    "Saint Martin": [
        "Marigot"
    ],
    "Lesotho": [
        "Maseru"
    ],
    "Wallis and Futuna": [
        "Mata-Utu"
    ],
    "Mexico": [
        "Mexico City"
    ],
    "Belarus": [
        "Minsk"
    ],
    "Somalia": [
        "Mogadishu"
    ],
    "Monaco": [
        "Monaco"
    ],
    "Liberia": [
        "Monrovia"
    ],
    "Uruguay": [
        "Montevideo"
    ],
    "Comoros": [
        "Moroni"
    ],
    "Russia": [
        "Moscow"
    ],
    "Oman": [
        "Muscat"
    ],
    "Kenya": [
        "Nairobi"
    ],
    "The Bahamas": [
        "Nassau"
    ],
    "Myanmar": [
        "Naypyidaw"
    ],
    "Chad": [
        "N'Djamena"
    ],
    "India": [
        "New Delhi"
    ],
    "Palau": [
        "Ngerulmud"
    ],
    "Niger": [
        "Niamey"
    ],
    "Cyprus": [
        "Nicosia"
    ],
    "Mauritania": [
        "Nouakchott"
    ],
    "New Caledonia": [
        "Noum\u00e9a"
    ],
    "Tonga": [
        "Nuku\u02bbalofa"
    ],
    "Kazakhstan": [
        "Nur-Sultan"
    ],
    "Greenland": [
        "Nuuk"
    ],
    "Aruba": [
        "Oranjestad"
    ],
    "Norway": [
        "Oslo"
    ],
    "Canada": [
        "Ottawa"
    ],
    "Burkina Faso": [
        "Ouagadougou"
    ],
    "American Samoa": [
        "Pago Pago"
    ],
    "Federated States of Micronesia": [
        "Palikir"
    ],
    "Panama": [
        "Panama City"
    ],
    "French Polynesia": [
        "Papeete"
    ],
    "Suriname": [
        "Paramaribo"
    ],
    "France": [
        "Paris"
    ],
    "Sint Maarten": [
        "Philipsburg"
    ],
    "Cambodia": [
        "Phnom Penh"
    ],
    "Mauritius": [
        "Port Louis"
    ],
    "Papua New Guinea": [
        "Port Moresby"
    ],
    "Vanuatu": [
        "Port Vila"
    ],
    "Haiti": [
        "Port-au-Prince"
    ],
    "Trinidad and Tobago": [
        "Port of Spain"
    ],
    "Czech Republic": [
        "Prague"
    ],
    "Cape Verde": [
        "Praia"
    ],
    "Kosovo": [
        "Pristina"
    ],
    "North Korea": [
        "Pyongyang"
    ],
    "Ecuador": [
        "Quito"
    ],
    "Morocco": [
        "Rabat"
    ],
    "Iceland": [
        "Reykjav\u00edk"
    ],
    "Latvia": [
        "Riga"
    ],
    "Saudi Arabia": [
        "Riyadh"
    ],
    "British Virgin Islands": [
        "Road Town"
    ],
    "Italy": [
        "Rome"
    ],
    "Dominica": [
        "Roseau"
    ],
    "Northern Mariana Islands": [
        "Saipan"
    ],
    "Costa Rica": [
        "San Jos\u00e9"
    ],
    "Puerto Rico": [
        "San Juan"
    ],
    "San Marino": [
        "San Marino"
    ],
    "El Salvador": [
        "San Salvador"
    ],
    "Chile": [
        "Santiago (official)",
        "Valpara\u00edso (legislative)"
    ],
    "Dominican Republic": [
        "Santo Domingo"
    ],
    "S\u00e3o Tom\u00e9 and Pr\u00edncipe": [
        "S\u00e3o Tom\u00e9"
    ],
    "Bosnia and Herzegovina": [
        "Sarajevo"
    ],
    "South Korea": [
        "Seoul"
    ],
    "Singapore": [
        "Singapore"
    ],
    "North Macedonia": [
        "Skopje"
    ],
    "Bulgaria": [
        "Sofia"
    ],
    "Grenada": [
        "St. George's"
    ],
    "Jersey": [
        "St. Helier"
    ],
    "Antigua and Barbuda": [
        "St. John's"
    ],
    "Guernsey": [
        "St. Peter Port"
    ],
    "Saint Pierre and Miquelon": [
        "St. Pierre"
    ],
    "Falkland Islands": [
        "Stanley"
    ],
    "Artsakh": [
        "Stepanakert"
    ],
    "Sweden": [
        "Stockholm"
    ],
    "Abkhazia": [
        "Sukhumi"
    ],
    "Fiji": [
        "Suva"
    ],
    "Taiwan": [
        "Taipei"
    ],
    "Estonia": [
        "Tallinn"
    ],
    "Kiribati": [
        "Tarawa"
    ],
    "Uzbekistan": [
        "Tashkent"
    ],
    "Georgia": [
        "Tbilisi"
    ],
    "Honduras": [
        "Tegucigalpa"
    ],
    "Iran": [
        "Tehran"
    ],
    "Bhutan": [
        "Thimphu"
    ],
    "Albania": [
        "Tirana"
    ],
    "Transnistria": [
        "Tiraspol"
    ],
    "Japan": [
        "Tokyo"
    ],
    "Faroe Islands": [
        "T\u00f3rshavn"
    ],
    "Libya": [
        "Tripoli"
    ],
    "South Ossetia": [
        "Tskhinvali"
    ],
    "Tunisia": [
        "Tunis"
    ],
    "Mongolia": [
        "Ulaanbaatar"
    ],
    "Liechtenstein": [
        "Vaduz"
    ],
    "Malta": [
        "Valletta"
    ],
    "Anguilla": [
        "The Valley"
    ],
    "Vatican": [
        "Vatican City"
    ],
    "Seychelles": [
        "Victoria"
    ],
    "Austria": [
        "Vienna"
    ],
    "Laos": [
        "Vientiane"
    ],
    "Lithuania": [
        "Vilnius"
    ],
    "Poland": [
        "Warsaw"
    ],
    "United States of America": [
        "Washington, D.C."
    ],
    "New Zealand": [
        "Wellington"
    ],
    "Cocos (Keeling) Islands": [
        "West Island"
    ],
    "Cura\u00e7ao": [
        "Willemstad"
    ],
    "Namibia": [
        "Windhoek"
    ],
    "Cameroon": [
        "Yaound\u00e9"
    ],
    "Nauru": [
        "Yaren (de facto)"
    ],
    "Armenia": [
        "Yerevan"
    ],
    "Croatia": [
        "Zagreb"
    ],
    "\u00c5land Islands": [
        "Mariehamn"
    ],
    "British Indian Ocean Territory": [
        "Camp Justice"
    ],
    "Coral Sea Islands": [
        "Willis Island"
    ],
    "Hong Kong": [
        "Hong Kong"
    ],
    "Macao": [
        "Macao"
    ],
    "Northern Cyprus": [
        "North Nicosia"
    ]
}